Date,Open,High,Low,Close,Adj Close,Volume
2019-01-25,1250.449951171875,1264.699951171875,1235.4000244140625,1246.0,1234.5667724609375,8550836
2019-01-28,1250.5,1255.949951171875,1222.4000244140625,1229.550048828125,1218.2677001953125,8569265
2019-01-29,1231.0,1231.6500244140625,1201.3499755859375,1210.6500244140625,1199.5411376953125,9328866
2019-01-30,1215.0,1225.0,1191.0999755859375,1195.699951171875,1184.7281494140625,7846940
2019-01-31,1202.0,1229.699951171875,1201.0,1227.1500244140625,1215.8897705078125,10185347
2019-02-01,1234.0,1255.0,1227.050048828125,1249.949951171875,1238.48046875,9228965
2019-02-04,1247.0,1296.949951171875,1242.050048828125,1290.9000244140625,1279.0546875,11670570
2019-02-05,1292.0,1304.4000244140625,1278.5999755859375,1291.550048828125,1279.69873046875,9362406
2019-02-06,1296.25,1317.6500244140625,1294.25,1310.25,1298.2271728515625,9411585
2019-02-07,1310.25,1321.199951171875,1286.0999755859375,1290.4000244140625,1278.559326171875,9212227
2019-02-08,1284.800048828125,1300.5,1272.25,1277.699951171875,1265.9757080078125,6505502
2019-02-11,1275.9000244140625,1276.0,1251.0,1253.25,1241.750244140625,7523999
2019-02-12,1251.5,1272.3499755859375,1251.5,1256.4000244140625,1244.871337890625,6399485
2019-02-14,1241.0,1241.0,1218.0,1224.199951171875,1212.9666748046875,6627360
2019-02-15,1229.75,1249.9000244140625,1214.0,1244.449951171875,1233.0308837890625,9597961
2019-02-18,1250.0,1252.5,1215.0,1220.0999755859375,1208.9044189453125,9649017
2019-02-19,1218.0,1239.699951171875,1211.199951171875,1216.0999755859375,1204.9410400390625,6244189
2019-02-20,1223.8499755859375,1240.0,1219.0,1234.3499755859375,1223.0235595703125,6298179
2019-02-21,1236.0,1257.800048828125,1229.3499755859375,1246.9000244140625,1235.45849609375,10580178
2019-02-22,1244.5999755859375,1245.300048828125,1226.0,1232.3499755859375,1221.0418701171875,8755865
2019-02-25,1236.0,1243.0,1220.6500244140625,1232.300048828125,1220.9925537109375,7852528
2019-02-26,1209.5,1234.800048828125,1206.0,1220.25,1209.052978515625,10131050
2019-02-27,1228.050048828125,1244.9000244140625,1209.0,1223.5,1212.2730712890625,11113182
2019-02-28,1233.75,1239.8499755859375,1226.550048828125,1231.050048828125,1219.75390625,11286916
2019-03-01,1237.0,1242.3499755859375,1222.25,1226.050048828125,1214.7998046875,7922513
2019-03-05,1223.4000244140625,1239.800048828125,1218.5999755859375,1237.6500244140625,1226.2933349609375,7121509
2019-03-06,1239.800048828125,1273.0999755859375,1235.0999755859375,1264.800048828125,1253.1943359375,12038231
2019-03-07,1264.0,1279.800048828125,1258.1500244140625,1270.25,1258.59423828125,8109259
2019-03-08,1266.050048828125,1274.449951171875,1262.0,1267.0999755859375,1255.4730224609375,6040052
2019-03-11,1270.050048828125,1312.0,1268.0,1304.0999755859375,1292.133544921875,9718840
2019-03-12,1316.9000244140625,1334.0,1314.25,1331.3499755859375,1319.1334228515625,11228736
2019-03-13,1337.0,1360.0,1328.0999755859375,1347.300048828125,1334.937255859375,11236048
2019-03-14,1349.75,1362.0,1336.0999755859375,1341.550048828125,1329.239990234375,10402048
2019-03-15,1345.0,1358.800048828125,1311.199951171875,1321.6500244140625,1309.5225830078125,15893093
2019-03-18,1331.0,1357.949951171875,1329.0,1350.050048828125,1337.6619873046875,10105234
2019-03-19,1360.0,1380.0,1343.0999755859375,1376.550048828125,1363.9188232421875,9805318
2019-03-20,1377.800048828125,1388.0,1364.0,1375.449951171875,1362.828857421875,9892823
2019-03-22,1372.5,1380.9000244140625,1336.699951171875,1341.75,1329.4381103515625,11465112
2019-03-25,1330.5999755859375,1336.8499755859375,1316.699951171875,1324.449951171875,1312.296875,7951992
2019-03-26,1330.300048828125,1371.5999755859375,1330.0,1367.25,1354.7041015625,9479288
2019-03-27,1377.949951171875,1377.949951171875,1344.25,1349.25,1336.8692626953125,10094174
2019-03-28,1350.25,1369.800048828125,1342.800048828125,1360.0,1347.5206298828125,10482938
2019-04-01,1370.0,1406.800048828125,1362.550048828125,1391.8499755859375,1379.078369140625,10098281
2019-04-02,1398.0,1403.0999755859375,1380.0999755859375,1389.699951171875,1376.947998046875,8012636
2019-04-03,1392.75,1403.0,1372.0,1375.199951171875,1362.5811767578125,7849461
2019-04-04,1379.0,1383.699951171875,1347.25,1353.050048828125,1340.6343994140625,8375674
2019-04-05,1360.949951171875,1363.9000244140625,1343.0,1353.9000244140625,1341.4765625,6728239
2019-04-08,1356.0,1357.5,1323.699951171875,1329.25,1317.0528564453125,8723577
2019-04-09,1328.9000244140625,1340.699951171875,1321.0,1334.449951171875,1322.2049560546875,9497621
2019-04-10,1337.949951171875,1348.0,1326.5,1331.4000244140625,1319.18310546875,7612711
2019-04-11,1332.949951171875,1353.0,1329.0,1346.800048828125,1334.4417724609375,5741333
2019-04-12,1350.0,1356.9000244140625,1336.6500244140625,1343.0999755859375,1330.775634765625,5919742
2019-04-15,1345.0,1348.949951171875,1335.0,1340.1500244140625,1327.8529052734375,4245127
2019-04-16,1345.0,1360.0,1340.0,1343.75,1331.419677734375,7936553
2019-04-18,1375.0,1389.75,1365.0,1385.949951171875,1373.232421875,17960482
2019-04-22,1360.0,1367.0,1341.300048828125,1345.3499755859375,1333.0050048828125,10792748
2019-04-23,1348.0,1373.0,1346.0,1363.8499755859375,1351.335205078125,9055300
2019-04-24,1370.300048828125,1394.800048828125,1366.25,1389.5,1376.7498779296875,7360887
2019-04-25,1389.0999755859375,1412.4000244140625,1362.5999755859375,1372.4000244140625,1359.806884765625,13929820
2019-04-26,1375.0,1395.949951171875,1370.699951171875,1392.800048828125,1380.0196533203125,6889444
2019-04-30,1396.4000244140625,1396.4000244140625,1366.800048828125,1392.800048828125,1380.0196533203125,10217019
2019-05-02,1392.0,1413.9000244140625,1382.0999755859375,1405.050048828125,1392.1573486328125,8682505
2019-05-03,1407.949951171875,1417.5,1402.6500244140625,1408.8499755859375,1395.92236328125,6510169
2019-05-06,1398.0,1402.800048828125,1378.0999755859375,1384.9000244140625,1372.192138671875,7237910
2019-05-07,1394.800048828125,1395.0,1340.199951171875,1343.5,1331.1719970703125,8877095
2019-05-08,1340.0,1340.0,1292.199951171875,1299.449951171875,1287.5262451171875,14610543
2019-05-09,1288.800048828125,1288.800048828125,1251.75,1256.449951171875,1244.9207763671875,19507368
2019-05-10,1265.0,1277.699951171875,1245.0,1251.1500244140625,1239.66943359375,11226831
2019-05-13,1247.9000244140625,1260.800048828125,1227.5,1232.050048828125,1220.7447509765625,8047801
2019-05-14,1236.5,1269.3499755859375,1231.5,1260.449951171875,1248.884033203125,13001004
2019-05-15,1273.0,1278.0,1250.5999755859375,1256.9000244140625,1245.36669921875,11163801
2019-05-16,1259.949951171875,1271.9000244140625,1258.0999755859375,1265.3499755859375,1253.7391357421875,6606652
2019-05-17,1267.0,1276.949951171875,1252.0,1267.4000244140625,1255.7703857421875,7898440
2019-05-20,1313.5999755859375,1337.699951171875,1303.5,1325.9000244140625,1313.7335205078125,12333937
2019-05-21,1332.199951171875,1367.0,1330.050048828125,1339.800048828125,1327.5059814453125,13872055
2019-05-22,1345.6500244140625,1359.699951171875,1335.0999755859375,1340.4000244140625,1328.1004638671875,11287400
2019-05-23,1372.0,1392.0,1325.0,1333.9000244140625,1321.66015625,17722514
2019-05-24,1348.0,1353.800048828125,1316.5,1336.8499755859375,1324.5830078125,10180759
2019-05-27,1337.0999755859375,1337.5,1307.0,1310.6500244140625,1298.62353515625,7349720
2019-05-28,1319.800048828125,1334.800048828125,1313.3499755859375,1323.75,1311.603271484375,19472659
2019-05-29,1321.0,1333.300048828125,1304.1500244140625,1313.050048828125,1301.00146484375,7112830
2019-05-30,1316.25,1342.0,1316.25,1329.75,1317.5482177734375,10740841
2019-05-31,1337.9000244140625,1341.9000244140625,1320.199951171875,1330.1500244140625,1317.944580078125,11760178
2019-06-03,1335.0,1367.25,1321.199951171875,1360.199951171875,1347.71875,8483610
2019-06-04,1357.449951171875,1374.25,1348.0999755859375,1351.6500244140625,1339.247314453125,7059911
2019-06-06,1361.9000244140625,1361.9000244140625,1321.0999755859375,1327.3499755859375,1315.170166015625,7664319
2019-06-07,1325.949951171875,1327.25,1305.5999755859375,1314.9000244140625,1302.8345947265625,6730595
2019-06-10,1320.9000244140625,1327.0,1310.0999755859375,1319.1500244140625,1307.0455322265625,5380148
2019-06-11,1321.8499755859375,1334.5,1318.0,1329.1500244140625,1316.9537353515625,5253790
2019-06-12,1334.699951171875,1338.4000244140625,1325.0,1332.1500244140625,1319.92626953125,4707716
2019-06-13,1330.0,1334.699951171875,1308.6500244140625,1327.25,1315.0711669921875,7171189
2019-06-14,1321.9000244140625,1325.0,1309.4000244140625,1317.550048828125,1305.460205078125,6831331
2019-06-17,1320.0,1320.0,1278.5,1282.300048828125,1270.53369140625,6815554
2019-06-18,1278.9000244140625,1287.949951171875,1269.0999755859375,1281.0,1269.2454833984375,7679193
2019-06-19,1286.9000244140625,1302.0,1262.5999755859375,1277.3499755859375,1265.6290283203125,6625604
2019-06-20,1280.0,1300.0,1278.0,1296.75,1284.85107421875,4914012
2019-06-21,1295.949951171875,1296.0,1275.550048828125,1279.5,1267.75927734375,10623098
2019-06-24,1272.1500244140625,1276.449951171875,1257.0999755859375,1262.4000244140625,1250.816162109375,5150998
2019-06-25,1258.9000244140625,1298.0,1254.25,1295.8499755859375,1283.959228515625,6842363
2019-06-26,1291.0,1304.5999755859375,1286.3499755859375,1294.1500244140625,1282.27490234375,5299942
2019-06-27,1293.1500244140625,1296.9000244140625,1271.0,1274.1500244140625,1262.4583740234375,11385972
2019-06-28,1277.0999755859375,1282.8499755859375,1248.6500244140625,1253.0999755859375,1241.6014404296875,8659721
2019-07-01,1258.050048828125,1272.6500244140625,1246.449951171875,1268.8499755859375,1257.20703125,6162080
2019-07-02,1273.949951171875,1281.0,1263.300048828125,1278.5,1266.7685546875,4638751
2019-07-03,1282.9000244140625,1286.5,1275.050048828125,1282.550048828125,1270.7813720703125,4026032
2019-07-04,1281.4000244140625,1291.0,1280.0,1284.0,1272.218017578125,4275148
2019-07-05,1285.0999755859375,1290.5,1260.0,1263.3499755859375,1251.7574462890625,4995344
2019-07-08,1258.0,1268.0999755859375,1248.199951171875,1252.050048828125,1240.561279296875,6404544
2019-07-09,1248.949951171875,1283.5,1245.5,1280.0999755859375,1268.353759765625,8016757
2019-07-10,1280.050048828125,1289.3499755859375,1268.699951171875,1278.8499755859375,1267.115234375,5494315
2019-07-11,1287.0,1289.800048828125,1279.300048828125,1281.550048828125,1269.79052734375,3935460
2019-07-12,1283.0,1300.0,1278.050048828125,1280.5,1268.7501220703125,7174054
2019-07-15,1285.0,1289.5,1270.3499755859375,1276.0999755859375,1264.3905029296875,4873164
2019-07-16,1279.949951171875,1294.9000244140625,1277.050048828125,1293.0,1281.135498046875,4604019
2019-07-17,1294.300048828125,1297.0,1280.0,1281.8499755859375,1270.087646484375,4334958
2019-07-18,1282.0,1286.4000244140625,1258.0,1261.8499755859375,1250.271240234375,5459896
2019-07-19,1268.199951171875,1272.949951171875,1242.699951171875,1249.0,1237.5391845703125,7468515
2019-07-22,1251.0,1284.5,1227.300048828125,1280.5,1268.7501220703125,13300153
2019-07-23,1285.0,1293.9000244140625,1260.4000244140625,1273.550048828125,1261.864013671875,9287951
2019-07-24,1273.5,1278.800048828125,1253.550048828125,1259.0999755859375,1247.54638671875,6943982
2019-07-25,1264.0,1269.050048828125,1227.0,1231.5,1220.19970703125,9968545
2019-07-26,1231.5,1242.5,1210.0,1213.800048828125,1202.6622314453125,9320481
2019-07-29,1216.9000244140625,1222.0,1205.0999755859375,1210.949951171875,1199.8382568359375,8058035
2019-07-30,1213.949951171875,1220.0,1175.949951171875,1180.9000244140625,1170.0640869140625,9533344
2019-07-31,1175.75,1185.0,1162.4000244140625,1166.25,1155.5484619140625,9705619
2019-08-01,1163.4000244140625,1188.199951171875,1150.3499755859375,1180.25,1169.4200439453125,10344862
2019-08-02,1175.699951171875,1198.25,1162.0999755859375,1184.3499755859375,1179.9195556640625,10865385
2019-08-05,1167.0,1167.0,1128.0,1143.3499755859375,1139.072998046875,13897461
2019-08-06,1134.75,1149.5999755859375,1122.0,1128.300048828125,1124.079345703125,13288909
2019-08-07,1126.5,1138.550048828125,1103.0999755859375,1109.4000244140625,1105.25,11588879
2019-08-08,1108.3499755859375,1158.0,1095.300048828125,1152.3499755859375,1148.039306640625,14262936
2019-08-09,1161.8499755859375,1175.5,1152.300048828125,1162.0999755859375,1157.7528076171875,10043949
2019-08-13,1233.1500244140625,1302.800048828125,1226.0,1274.75,1269.9814453125,47923444
2019-08-14,1304.0,1304.449951171875,1280.3499755859375,1288.25,1283.430908203125,14487137
2019-08-16,1291.199951171875,1291.800048828125,1273.0,1278.0,1273.21923828125,10047496
2019-08-19,1281.050048828125,1296.800048828125,1280.0,1292.5999755859375,1287.7646484375,7459859
2019-08-20,1289.800048828125,1292.5999755859375,1272.5999755859375,1275.949951171875,1271.1768798828125,6843460
2019-08-21,1275.6500244140625,1278.6500244140625,1266.5,1270.949951171875,1266.195556640625,4881553
2019-08-22,1270.949951171875,1271.0,1238.9000244140625,1246.75,1242.086181640625,6414937
2019-08-23,1239.0,1284.0,1226.5,1275.8499755859375,1271.0772705078125,9741262
2019-08-26,1294.0,1294.0,1259.0,1266.800048828125,1262.061279296875,8778739
2019-08-27,1285.0,1285.0,1261.199951171875,1274.8499755859375,1270.0810546875,12984396
2019-08-28,1273.75,1281.0,1256.050048828125,1263.300048828125,1258.5743408203125,5305639
2019-08-29,1256.449951171875,1260.25,1235.300048828125,1241.75,1237.1048583984375,8635974
2019-08-30,1245.5,1254.4000244140625,1221.0,1248.550048828125,1243.8795166015625,11308120
2019-09-03,1242.25,1243.0,1200.0,1206.4000244140625,1201.8870849609375,8563009
2019-09-04,1200.550048828125,1205.25,1186.050048828125,1201.1500244140625,1196.65673828125,15063355
2019-09-05,1206.800048828125,1213.199951171875,1193.300048828125,1198.5999755859375,1194.1162109375,10512763
2019-09-06,1203.0,1229.0,1195.25,1222.5,1217.9268798828125,10600234
2019-09-09,1220.6500244140625,1233.0,1213.1500244140625,1222.199951171875,1217.6279296875,5370758
2019-09-11,1222.5,1240.0,1222.5,1234.4000244140625,1229.7823486328125,5544468
2019-09-12,1235.0,1240.449951171875,1205.699951171875,1210.3499755859375,1205.822265625,5431139
2019-09-13,1212.0,1228.5,1206.9000244140625,1225.5999755859375,1221.0152587890625,5919260
2019-09-16,1189.0,1219.0999755859375,1186.0999755859375,1210.75,1206.2208251953125,9393731
2019-09-17,1211.0,1211.0,1193.5,1197.449951171875,1192.9705810546875,7150435
2019-09-18,1204.949951171875,1216.300048828125,1197.199951171875,1205.699951171875,1201.189697265625,6827281
2019-09-19,1207.8499755859375,1209.699951171875,1172.6500244140625,1179.050048828125,1174.6395263671875,6293454
2019-09-20,1187.949951171875,1269.9000244140625,1174.300048828125,1254.3499755859375,1249.65771484375,22019674
2019-09-23,1274.1500244140625,1281.0,1235.0,1239.199951171875,1234.5643310546875,9879751
2019-09-24,1243.5999755859375,1298.800048828125,1242.75,1278.699951171875,1273.9166259765625,15982067
2019-09-25,1284.0,1295.0,1268.8499755859375,1279.550048828125,1274.7635498046875,8316894
2019-09-26,1292.0,1298.800048828125,1283.5,1296.800048828125,1291.948974609375,8389212
2019-09-27,1292.5,1315.0,1284.0,1309.050048828125,1304.1531982421875,8712980
2019-09-30,1310.0,1335.75,1305.550048828125,1332.25,1327.266357421875,11549746
2019-10-01,1337.0,1342.0,1293.300048828125,1304.9000244140625,1300.0186767578125,8192597
2019-10-03,1286.0,1314.699951171875,1281.300048828125,1311.050048828125,1306.1456298828125,6183107
2019-10-04,1319.9000244140625,1328.5999755859375,1303.8499755859375,1308.0999755859375,1303.2066650390625,6853954
2019-10-07,1308.0999755859375,1320.800048828125,1301.699951171875,1310.0999755859375,1305.19921875,4599818
2019-10-09,1308.699951171875,1329.949951171875,1292.5,1324.75,1319.79443359375,8040938
2019-10-10,1325.0,1369.0,1321.0,1362.75,1357.6522216796875,16003744
2019-10-11,1363.699951171875,1365.5999755859375,1336.550048828125,1352.5999755859375,1347.5401611328125,7587648
2019-10-14,1364.949951171875,1364.949951171875,1350.8499755859375,1358.0,1352.9200439453125,6123412
2019-10-15,1362.5,1370.0,1354.300048828125,1364.1500244140625,1359.0469970703125,4422075
2019-10-16,1369.9000244140625,1379.6500244140625,1363.699951171875,1372.3499755859375,1367.21630859375,8870701
2019-10-17,1375.0,1399.0,1372.0,1396.5,1391.2760009765625,7332464
2019-10-18,1404.0,1427.9000244140625,1398.699951171875,1416.3499755859375,1411.0517578125,12856410
2019-10-22,1425.0,1436.8499755859375,1403.3499755859375,1414.1500244140625,1408.8599853515625,12703054
2019-10-23,1416.300048828125,1425.949951171875,1383.1500244140625,1392.4000244140625,1387.19140625,8432964
2019-10-24,1401.0,1441.4000244140625,1386.550048828125,1436.449951171875,1431.0765380859375,10351384
2019-10-25,1441.0999755859375,1441.449951171875,1411.25,1431.199951171875,1425.84619140625,6190013
2019-10-29,1445.5,1480.0,1442.0999755859375,1467.050048828125,1461.5621337890625,11780494
2019-10-30,1480.0,1484.550048828125,1460.300048828125,1479.0999755859375,1473.5670166015625,7470723
2019-10-31,1484.0,1489.6500244140625,1461.699951171875,1464.3499755859375,1458.8721923828125,8898168
2019-11-01,1455.0,1461.800048828125,1441.0,1456.9000244140625,1451.4500732421875,6356579
2019-11-04,1465.9000244140625,1471.0,1445.0999755859375,1457.6500244140625,1452.197265625,6429329
2019-11-05,1463.0999755859375,1468.949951171875,1441.0,1447.300048828125,1441.885986328125,5799318
2019-11-06,1442.699951171875,1446.449951171875,1428.5,1434.9000244140625,1429.5323486328125,6686289
2019-11-07,1435.0,1463.0,1432.199951171875,1458.5999755859375,1453.1436767578125,6438749
2019-11-08,1449.0,1459.6500244140625,1441.300048828125,1445.5,1440.0926513671875,5494844
2019-11-11,1439.0999755859375,1444.25,1422.550048828125,1427.800048828125,1422.458984375,5192423
2019-11-13,1430.0,1475.9000244140625,1430.0,1472.300048828125,1466.79248046875,11532364
2019-11-14,1476.0,1481.5999755859375,1455.800048828125,1462.75,1457.2781982421875,6518339
2019-11-15,1465.6500244140625,1486.800048828125,1463.1500244140625,1470.8499755859375,1465.3477783203125,7173674
2019-11-18,1472.6500244140625,1486.0,1455.4000244140625,1459.199951171875,1453.741455078125,6435097
2019-11-19,1467.0,1514.9000244140625,1465.0,1509.75,1504.102294921875,13795569
2019-11-20,1555.050048828125,1572.4000244140625,1543.199951171875,1547.6500244140625,1541.860595703125,19904164
2019-11-21,1545.0,1556.0,1528.550048828125,1537.5999755859375,1531.84814453125,6810577
2019-11-22,1542.0999755859375,1569.5,1537.5999755859375,1546.5,1540.71484375,10218978
2019-11-25,1551.1500244140625,1564.800048828125,1551.0,1561.550048828125,1555.7086181640625,6924313
2019-11-26,1568.0999755859375,1576.3499755859375,1556.0,1560.25,1554.4134521484375,16152137
2019-11-27,1559.949951171875,1575.5,1556.0999755859375,1569.8499755859375,1563.9775390625,4408336
2019-11-28,1572.6500244140625,1584.1500244140625,1563.949951171875,1580.300048828125,1574.388427734375,6284885
2019-11-29,1581.949951171875,1581.949951171875,1547.8499755859375,1551.1500244140625,1545.3475341796875,8484822
2019-12-02,1600.0,1614.449951171875,1577.0,1586.5,1580.565185546875,14275186
2019-12-03,1592.75,1594.0,1572.5999755859375,1578.9000244140625,1572.99365234375,5938786
2019-12-04,1573.0,1577.5,1533.75,1552.699951171875,1546.8916015625,9594828
2019-12-05,1574.0,1579.75,1544.0,1550.8499755859375,1545.048583984375,9117022
2019-12-06,1553.0,1568.0,1541.0999755859375,1554.9000244140625,1549.08349609375,5982129
2019-12-09,1556.1500244140625,1577.4000244140625,1546.5,1572.5999755859375,1566.7171630859375,5779807
2019-12-10,1572.050048828125,1573.5999755859375,1554.1500244140625,1561.949951171875,1556.1070556640625,4650906
2019-12-11,1555.5999755859375,1574.5,1550.5999755859375,1562.4000244140625,1556.555419921875,5652698
2019-12-12,1570.25,1573.8499755859375,1556.6500244140625,1568.199951171875,1562.3336181640625,4720977
2019-12-13,1580.0,1590.0,1572.4000244140625,1582.9000244140625,1576.978759765625,5791522
2019-12-16,1592.0,1593.9000244140625,1564.3499755859375,1566.5999755859375,1560.7396240234375,5436951
2019-12-17,1566.75,1579.0,1555.550048828125,1562.699951171875,1556.854248046875,9291724
2019-12-18,1563.0,1580.0,1562.0,1575.8499755859375,1569.955078125,6739582
2019-12-19,1573.699951171875,1614.9000244140625,1571.800048828125,1609.949951171875,1603.927490234375,9375484
2019-12-20,1615.0,1617.550048828125,1596.0999755859375,1599.0999755859375,1593.1180419921875,9724619
2019-12-23,1560.0999755859375,1577.550048828125,1557.800048828125,1571.4000244140625,1565.521728515625,11478429
2019-12-24,1568.9000244140625,1572.050048828125,1542.5,1546.449951171875,1540.6650390625,8251144
2019-12-26,1541.6500244140625,1552.949951171875,1510.1500244140625,1515.4000244140625,1509.731201171875,13605737
2019-12-27,1527.0,1546.199951171875,1521.300048828125,1542.3499755859375,1536.580322265625,8081591
2019-12-30,1545.949951171875,1547.6500244140625,1528.050048828125,1544.199951171875,1538.4234619140625,7828402
2019-12-31,1542.0,1543.699951171875,1508.050048828125,1514.050048828125,1508.3863525390625,10150467
2020-01-01,1518.0,1527.0999755859375,1505.5,1509.5999755859375,1503.952880859375,6402372
2020-01-02,1512.0,1540.949951171875,1512.0,1535.300048828125,1529.5567626953125,8096561
2020-01-03,1533.0,1541.6500244140625,1523.0,1537.1500244140625,1531.39990234375,9593498
2020-01-06,1520.0,1527.9000244140625,1498.0,1501.5,1495.8831787109375,11209343
2020-01-07,1519.0,1534.5,1513.5,1524.5999755859375,1518.896728515625,7627191
2020-01-08,1515.0,1534.449951171875,1510.0,1513.1500244140625,1507.4896240234375,7336561
2020-01-09,1538.5999755859375,1550.0,1531.25,1548.0,1542.209228515625,6849606
2020-01-10,1551.9000244140625,1557.949951171875,1539.6500244140625,1547.6500244140625,1541.860595703125,5704686
2020-01-13,1545.050048828125,1558.699951171875,1538.4000244140625,1543.699951171875,1537.92529296875,8358090
2020-01-14,1540.0,1550.0,1521.8499755859375,1529.4000244140625,1523.6788330078125,7230788
2020-01-15,1535.8499755859375,1539.9000244140625,1518.25,1523.8499755859375,1518.1495361328125,7231393
2020-01-16,1529.0,1543.3499755859375,1528.0,1537.9000244140625,1532.1470947265625,5873662
2020-01-17,1553.5,1584.949951171875,1553.199951171875,1581.0,1575.0858154296875,13469708
2020-01-20,1609.0,1609.0,1526.4000244140625,1532.3499755859375,1526.6177978515625,14878868
2020-01-21,1528.5999755859375,1545.8499755859375,1522.0,1533.9000244140625,1528.1619873046875,8650831
2020-01-22,1544.0,1546.75,1531.0999755859375,1533.3499755859375,1527.614013671875,4719245
2020-01-23,1536.5,1541.949951171875,1520.699951171875,1526.8499755859375,1521.1383056640625,5142088
2020-01-24,1527.0,1536.3499755859375,1518.550048828125,1521.550048828125,1515.8582763671875,6687633
2020-01-27,1514.9000244140625,1524.449951171875,1505.0,1506.550048828125,1500.914306640625,6120429
2020-01-28,1508.5999755859375,1510.0,1463.5999755859375,1471.75,1466.2445068359375,11215313
2020-01-29,1474.050048828125,1494.4000244140625,1464.050048828125,1479.8499755859375,1474.314208984375,11313297
2020-01-30,1479.0,1479.699951171875,1440.0,1443.75,1438.3492431640625,10241756
2020-01-31,1453.0,1453.25,1407.199951171875,1411.6500244140625,1406.369384765625,15886673
2020-02-03,1369.9000244140625,1399.949951171875,1363.050048828125,1385.5,1380.317138671875,14040626
2020-02-04,1400.0,1432.5,1397.800048828125,1426.4000244140625,1421.064208984375,11604666
2020-02-05,1434.9000244140625,1452.800048828125,1430.300048828125,1448.5,1443.0814208984375,8444823
2020-02-06,1454.0999755859375,1467.0,1440.0999755859375,1457.800048828125,1452.3466796875,7103715
2020-02-07,1451.0,1452.3499755859375,1428.300048828125,1433.6500244140625,1428.2869873046875,5581641
2020-02-10,1428.0,1445.5,1410.449951171875,1435.5999755859375,1430.229736328125,6922631
2020-02-11,1447.4000244140625,1466.199951171875,1445.050048828125,1452.75,1447.3155517578125,6400245
2020-02-12,1456.1500244140625,1474.8499755859375,1455.0,1470.300048828125,1464.7999267578125,6187091
2020-02-13,1477.75,1477.75,1462.5999755859375,1474.1500244140625,1468.635498046875,6201763
2020-02-14,1477.25,1501.449951171875,1453.0999755859375,1487.5999755859375,1482.03515625,9704655
2020-02-17,1489.0,1506.1500244140625,1474.300048828125,1478.25,1472.72021484375,6011340
2020-02-18,1475.9000244140625,1475.9000244140625,1457.4000244140625,1467.4000244140625,1461.9107666015625,5086964
2020-02-19,1479.3499755859375,1506.449951171875,1475.0999755859375,1503.800048828125,1498.1746826171875,6438918
2020-02-20,1497.0,1508.0,1483.800048828125,1485.949951171875,1480.391357421875,7722577
2020-02-24,1469.75,1477.0,1439.550048828125,1444.949951171875,1439.544677734375,9769743
2020-02-25,1451.4000244140625,1451.4000244140625,1410.0,1416.4000244140625,1411.1015625,12684109
2020-02-26,1410.0,1412.3499755859375,1387.3499755859375,1392.0,1386.7928466796875,13423661
2020-02-27,1388.0,1393.800048828125,1369.0,1386.25,1381.0643310546875,11454300
2020-02-28,1354.9000244140625,1357.0,1325.0,1328.6500244140625,1323.6798095703125,17973847
2020-03-02,1355.0999755859375,1369.0,1301.0999755859375,1316.1500244140625,1311.2265625,13486634
2020-03-03,1329.699951171875,1353.9000244140625,1322.0,1342.8499755859375,1337.82666015625,12525809
2020-03-04,1352.0,1353.800048828125,1307.9000244140625,1339.699951171875,1334.6884765625,10105782
2020-03-05,1352.199951171875,1357.949951171875,1306.0,1311.1500244140625,1306.2452392578125,13948324
2020-03-06,1270.0,1288.1500244140625,1241.0999755859375,1271.0,1266.2454833984375,15422068
2020-03-09,1240.050048828125,1241.0,1095.0,1114.1500244140625,1109.982177734375,40316138
2020-03-11,1108.0,1178.449951171875,1108.0,1153.550048828125,1149.23486328125,27237321
2020-03-12,1085.0,1101.0,1048.699951171875,1063.0,1059.0235595703125,25587823
2020-03-13,998.0,1140.0,942.4000244140625,1105.300048828125,1101.1654052734375,33509107
2020-03-16,1060.550048828125,1079.699951171875,1005.0,1015.7000122070312,1011.9005126953125,17592794
2020-03-17,1047.25,1060.0,1003.2000122070312,1008.0,1004.2293090820312,20776373
2020-03-18,1025.300048828125,1035.9000244140625,961.0,968.5,964.8770751953125,20449241
2020-03-19,920.0999755859375,967.0,892.2000122070312,917.7000122070312,914.26708984375,28071848
2020-03-20,939.5,1034.9000244140625,930.0,1017.9500122070312,1014.14208984375,28966278
2020-03-23,916.2000122070312,950.0,875.6500244140625,884.0499877929688,880.742919921875,18593390
2020-03-24,930.0,970.0,895.7999877929688,943.4000244140625,939.8709716796875,20908452
2020-03-25,963.7999877929688,1151.550048828125,963.25,1082.25,1078.2015380859375,33432712
2020-03-26,1095.800048828125,1116.9000244140625,1042.3499755859375,1066.199951171875,1062.2115478515625,20912841
2020-03-27,1095.0,1107.300048828125,1046.199951171875,1065.5999755859375,1061.61376953125,19044609
2020-03-30,1040.5999755859375,1074.800048828125,1020.0,1030.449951171875,1026.59521484375,13820078
2020-03-31,1073.949951171875,1129.800048828125,1048.0,1113.75,1109.583740234375,20249183
2020-04-01,1122.25,1124.5999755859375,1045.199951171875,1080.449951171875,1076.408203125,19016959
2020-04-03,1134.449951171875,1134.449951171875,1056.300048828125,1077.449951171875,1073.41943359375,18911970
2020-04-07,1102.0999755859375,1214.0,1100.0,1206.0999755859375,1201.5882568359375,24857792
2020-04-08,1180.0,1229.0,1160.0,1192.1500244140625,1187.6904296875,22803609
2020-04-09,1214.0,1232.800048828125,1193.0,1219.949951171875,1215.3863525390625,15101511
2020-04-13,1203.949951171875,1215.0,1180.0,1189.1500244140625,1184.70166015625,10822858
2020-04-15,1197.050048828125,1236.0,1143.0,1149.8499755859375,1145.548583984375,16147958
2020-04-16,1149.8499755859375,1187.449951171875,1145.0,1168.050048828125,1163.6806640625,17123489
2020-04-17,1216.0,1230.0,1192.6500244140625,1224.0,1219.4212646484375,15209621
2020-04-20,1226.0,1257.0,1202.0,1243.800048828125,1239.147216796875,16472130
2020-04-21,1210.0,1252.0,1164.0,1237.3499755859375,1232.7213134765625,28057044
2020-04-22,1320.0,1384.9000244140625,1300.0,1363.5999755859375,1358.4990234375,65230035
2020-04-23,1367.3499755859375,1385.8499755859375,1353.300048828125,1370.9000244140625,1365.771728515625,29928168
2020-04-24,1350.1500244140625,1494.949951171875,1347.199951171875,1417.0,1411.6993408203125,61711199
2020-04-27,1434.0,1475.0,1423.0,1429.75,1424.401611328125,26736415
2020-04-28,1450.0,1455.449951171875,1392.1500244140625,1428.1500244140625,1422.8076171875,35866256
2020-04-29,1444.9000244140625,1453.6500244140625,1420.0,1426.949951171875,1421.612060546875,17141303
2020-04-30,1440.300048828125,1480.9100341796875,1424.550048828125,1452.22998046875,1446.7974853515625,32926121
2020-05-04,1426.47998046875,1451.239990234375,1404.1400146484375,1421.719970703125,1416.401611328125,24670336
2020-05-05,1440.050048828125,1465.1099853515625,1433.6099853515625,1446.9300537109375,1441.5174560546875,20723079
2020-05-06,1450.25,1471.010009765625,1431.9300537109375,1447.030029296875,1441.616943359375,18685710
2020-05-07,1441.3399658203125,1499.43994140625,1431.4300537109375,1492.800048828125,1487.2158203125,23087436
2020-05-08,1530.489990234375,1565.06005859375,1522.6700439453125,1547.1300048828125,1541.342529296875,38887255
2020-05-11,1565.1600341796875,1599.8399658203125,1557.5400390625,1561.989990234375,1556.14697265625,30959745
2020-05-12,1550.1099853515625,1553.6199951171875,1451.239990234375,1465.3599853515625,1459.87841796875,46465281
2020-05-13,1527.0,1527.0,1454.0,1496.449951171875,1490.85205078125,30657492
2020-05-14,1469.0,1496.699951171875,1430.050048828125,1435.949951171875,1430.578369140625,22736607
2020-05-15,1444.0,1466.699951171875,1415.0999755859375,1459.4000244140625,1453.940673828125,28683258
2020-05-18,1470.0,1482.0,1428.0,1440.75,1435.3604736328125,28980385
2020-05-19,1457.0,1461.699951171875,1403.25,1408.9000244140625,1403.629638671875,19528760
2020-05-20,1410.0,1446.8499755859375,1393.0,1433.699951171875,1428.3367919921875,25530626
2020-05-21,1435.0,1461.449951171875,1425.0,1441.25,1435.858642578125,18076017
2020-05-22,1451.800048828125,1458.0,1426.5,1431.550048828125,1426.1949462890625,17458065
2020-05-26,1448.1500244140625,1449.699951171875,1416.300048828125,1424.050048828125,1418.7230224609375,15329472
2020-05-27,1431.0,1454.0,1412.0,1445.550048828125,1440.142578125,16460756
2020-05-28,1455.0,1479.75,1449.0,1472.25,1466.74267578125,18518271
2020-05-29,1468.0,1472.0,1452.6500244140625,1464.4000244140625,1458.9219970703125,18470390
2020-06-01,1480.0,1538.3499755859375,1475.949951171875,1520.3499755859375,1514.6627197265625,18434012
2020-06-02,1526.0,1540.0,1520.800048828125,1535.699951171875,1529.9552001953125,10224049
2020-06-03,1545.0,1560.0,1533.3499755859375,1541.6500244140625,1535.883056640625,11713461
2020-06-04,1544.0,1589.5,1541.0,1579.800048828125,1573.890380859375,15784379
2020-06-05,1595.0,1618.0,1573.699951171875,1581.699951171875,1575.783203125,15264885
2020-06-08,1618.4000244140625,1618.4000244140625,1565.0,1569.5,1563.6287841796875,14497996
2020-06-09,1560.300048828125,1583.0,1533.0,1537.1500244140625,1531.39990234375,11933076
2020-06-10,1543.0999755859375,1579.550048828125,1540.050048828125,1572.1500244140625,1566.2689208984375,10214213
2020-06-11,1566.0,1567.949951171875,1531.0,1537.699951171875,1531.94775390625,9408046
2020-06-12,1500.0,1593.0,1497.0,1588.800048828125,1582.856689453125,17790311
2020-06-15,1565.0,1626.949951171875,1561.0999755859375,1614.550048828125,1608.5103759765625,24509058
2020-06-16,1643.0,1648.550048828125,1585.300048828125,1617.699951171875,1611.6484375,23622794
2020-06-17,1608.25,1635.449951171875,1602.0999755859375,1615.3499755859375,1609.3072509765625,19282411
2020-06-18,1607.0,1665.0,1605.5999755859375,1655.9000244140625,1649.7056884765625,18677617
2020-06-19,1670.0,1788.800048828125,1662.0,1759.4000244140625,1752.8184814453125,48828609
2020-06-22,1773.4000244140625,1804.199951171875,1735.0,1746.1500244140625,1739.6180419921875,27781693
2020-06-23,1750.0,1763.75,1716.0999755859375,1720.9000244140625,1714.4625244140625,17519493
2020-06-24,1735.9000244140625,1772.699951171875,1711.699951171875,1727.8499755859375,1721.386474609375,23807033
2020-06-25,1727.0,1749.0,1713.050048828125,1717.9000244140625,1711.4737548828125,18312025
2020-06-26,1728.800048828125,1752.0,1717.0,1741.6500244140625,1735.1348876953125,14270458
2020-06-29,1728.050048828125,1739.75,1715.550048828125,1723.1500244140625,1716.7041015625,11824524
2020-06-30,1737.0,1741.0,1695.550048828125,1704.0999755859375,1697.725341796875,13972563
2020-07-01,1720.0,1749.0,1708.050048828125,1737.5999755859375,1731.0999755859375,13136179
2020-07-02,1743.0,1767.5999755859375,1735.050048828125,1760.3499755859375,1760.3499755859375,13286365
2020-07-03,1779.800048828125,1793.0,1768.0,1787.9000244140625,1787.9000244140625,13583909
2020-07-06,1805.0,1858.0,1792.0999755859375,1851.800048828125,1851.800048828125,21697962
2020-07-07,1860.0,1864.3499755859375,1806.300048828125,1823.449951171875,1823.449951171875,16239990
2020-07-08,1824.050048828125,1834.949951171875,1790.0,1798.0,1798.0,12093186
2020-07-09,1809.0,1835.0,1786.25,1824.25,1824.25,16807336
2020-07-10,1828.5,1884.5999755859375,1824.25,1878.050048828125,1878.050048828125,20195218
2020-07-13,1903.3499755859375,1947.699951171875,1900.0,1935.0,1935.0,32124262
2020-07-14,1934.0,1941.699951171875,1887.300048828125,1917.0,1917.0,31073305
2020-07-15,1937.949951171875,1978.800048828125,1798.0,1844.0,1844.0,64457578
2020-07-16,1847.0,1869.0,1812.449951171875,1843.4000244140625,1843.4000244140625,28133826
2020-07-17,1845.0,1920.0,1838.0,1911.699951171875,1911.699951171875,22948894
2020-07-20,1917.800048828125,1932.0,1899.6500244140625,1919.9000244140625,1919.9000244140625,16887635
2020-07-21,1939.0,1977.0,1936.5,1971.550048828125,1971.550048828125,19463004
2020-07-22,1983.0,2010.0,1960.699951171875,2004.0,2004.0,27584518
2020-07-23,2003.949951171875,2079.699951171875,1991.3499755859375,2057.800048828125,2057.800048828125,26921017
2020-07-24,2058.0,2163.0,2057.800048828125,2146.14990234375,2146.14990234375,55655668
2020-07-27,2178.800048828125,2198.800048828125,2127.89990234375,2156.199951171875,2156.199951171875,37060665
2020-07-28,2156.199951171875,2194.0,2150.64990234375,2177.699951171875,2177.699951171875,25435297
2020-07-29,2177.89990234375,2182.800048828125,2070.449951171875,2096.64990234375,2096.64990234375,33534147
2020-07-30,2099.0,2139.699951171875,2072.0,2108.85009765625,2108.85009765625,33623699
2020-07-31,2114.5,2129.0,2052.800048828125,2067.10009765625,2067.10009765625,34593133
2020-08-03,2051.300048828125,2057.0,2003.0999755859375,2009.0,2009.0,21559142
2020-08-04,2020.5999755859375,2167.0,2000.25,2150.60009765625,2150.60009765625,42476932
2020-08-05,2169.0,2196.0,2118.300048828125,2126.449951171875,2126.449951171875,34404810
2020-08-06,2157.0,2167.699951171875,2107.800048828125,2134.10009765625,2134.10009765625,22762545
2020-08-07,2129.800048828125,2157.800048828125,2120.199951171875,2146.449951171875,2146.449951171875,15222303
2020-08-10,2159.10009765625,2165.0,2108.10009765625,2119.85009765625,2119.85009765625,12441573
2020-08-11,2134.800048828125,2160.0,2100.35009765625,2133.800048828125,2133.800048828125,21611256
2020-08-12,2121.0,2145.0,2106.800048828125,2127.60009765625,2127.60009765625,13967116
2020-08-13,2128.0,2138.89990234375,2110.0,2122.050048828125,2122.050048828125,11459190
2020-08-14,2122.550048828125,2157.0,2089.25,2113.800048828125,2113.800048828125,15333164
2020-08-17,2105.0,2105.0,2070.10009765625,2091.35009765625,2091.35009765625,14296834
2020-08-18,2085.0,2134.300048828125,2082.35009765625,2118.550048828125,2118.550048828125,14097746
2020-08-19,2141.0,2154.0,2121.35009765625,2131.550048828125,2131.550048828125,15731396
2020-08-20,2120.0,2123.89990234375,2088.0,2097.050048828125,2097.050048828125,10401212
2020-08-21,2118.0,2122.0,2077.0,2081.85009765625,2081.85009765625,11667129
2020-08-24,2091.39990234375,2104.5,2070.5,2095.75,2095.75,15098991
2020-08-25,2106.0,2111.300048828125,2078.0,2082.10009765625,2082.10009765625,8947563
2020-08-26,2085.0,2147.949951171875,2047.0,2137.300048828125,2137.300048828125,27630190
2020-08-27,2148.0,2150.0,2103.25,2110.60009765625,2110.60009765625,12961252
2020-08-28,2120.0,2132.89990234375,2106.25,2116.14990234375,2116.14990234375,12537520
2020-08-31,2174.0,2174.0,2060.35009765625,2080.699951171875,2080.699951171875,28648125
2020-09-01,2100.0,2122.39990234375,2062.39990234375,2087.25,2087.25,17821397
2020-09-02,2092.0,2138.0,2085.0,2128.199951171875,2128.199951171875,12437162
2020-09-03,2128.0,2138.75,2103.0,2112.10009765625,2112.10009765625,8577634
2020-09-04,2083.550048828125,2096.949951171875,2072.199951171875,2077.25,2077.25,13141644
2020-09-07,2084.0,2105.75,2044.25,2082.64990234375,2082.64990234375,10119064
2020-09-08,2092.0,2121.0,2080.5,2107.10009765625,2107.10009765625,12643749
2020-09-09,2085.0,2167.800048828125,2081.449951171875,2161.35009765625,2161.35009765625,25525961
2020-09-10,2183.10009765625,2344.949951171875,2175.35009765625,2314.0,2314.0,64750460
2020-09-11,2312.0,2337.85009765625,2287.10009765625,2319.75,2319.75,27445768
2020-09-14,2325.0,2360.0,2282.0,2302.550048828125,2302.550048828125,20335273
2020-09-15,2311.949951171875,2325.75,2288.14990234375,2318.85009765625,2318.85009765625,12542824
2020-09-16,2320.0,2369.35009765625,2310.550048828125,2324.550048828125,2324.550048828125,15668979
2020-09-17,2320.0,2333.699951171875,2291.85009765625,2298.75,2298.75,11919927
2020-09-18,2314.25,2319.449951171875,2276.550048828125,2305.699951171875,2305.699951171875,15264068
2020-09-21,2300.0,2336.0,2247.35009765625,2255.85009765625,2255.85009765625,15519031
2020-09-22,2277.0,2277.0,2201.550048828125,2211.14990234375,2211.14990234375,16056620
2020-09-23,2260.0,2276.75,2205.300048828125,2230.800048828125,2230.800048828125,19839282
2020-09-24,2207.89990234375,2226.0,2176.050048828125,2181.199951171875,2181.199951171875,13764841
2020-09-25,2189.0,2212.800048828125,2167.300048828125,2201.699951171875,2201.699951171875,13095028
2020-09-28,2227.0,2238.0,2207.050048828125,2216.25,2216.25,9076248
2020-09-29,2225.0,2264.0,2216.25,2245.050048828125,2245.050048828125,11926328
2020-09-30,2260.0,2267.0,2225.0,2234.35009765625,2234.35009765625,11290667
2020-10-01,2263.800048828125,2263.800048828125,2214.0,2225.25,2225.25,9591456
2020-10-05,2244.0,2249.14990234375,2206.0,2212.199951171875,2212.199951171875,8732869
2020-10-06,2225.25,2233.89990234375,2201.64990234375,2210.35009765625,2210.35009765625,8497216
2020-10-07,2235.0,2309.0,2220.0,2257.5,2257.5,24538346
2020-10-08,2259.0,2268.0,2222.10009765625,2239.25,2239.25,9727405
2020-10-09,2235.0,2253.0,2217.10009765625,2233.449951171875,2233.449951171875,8558745
2020-10-12,2235.0,2255.75,2226.25,2237.050048828125,2237.050048828125,6565515
2020-10-13,2230.60009765625,2285.75,2225.85009765625,2280.699951171875,2280.699951171875,10666190
2020-10-14,2278.89990234375,2304.0,2268.5,2287.5,2287.5,12341434
2020-10-15,2290.0,2290.0,2195.0,2206.5,2206.5,9246702
2020-10-16,2215.0,2232.5,2172.64990234375,2175.800048828125,2175.800048828125,9960828
2020-10-19,2190.050048828125,2228.699951171875,2155.14990234375,2176.199951171875,2176.199951171875,14398973
2020-10-20,2179.0,2193.0,2152.25,2155.89990234375,2155.89990234375,8529573
2020-10-21,2168.0,2192.0,2097.75,2124.60009765625,2124.60009765625,15728986
2020-10-22,2127.39990234375,2132.5,2091.0,2106.949951171875,2106.949951171875,14215215
2020-10-23,2106.0,2135.0,2096.39990234375,2113.050048828125,2113.050048828125,10809307
2020-10-26,2101.949951171875,2101.949951171875,2018.5,2029.0999755859375,2029.0999755859375,17225212
2020-10-27,2034.9000244140625,2059.85009765625,2005.0,2034.5,2034.5,16835005
2020-10-28,2041.800048828125,2057.699951171875,2007.4000244140625,2011.449951171875,2011.449951171875,13809929
2020-10-29,1997.0,2042.0,1991.0,2026.9000244140625,2026.9000244140625,14147418
2020-10-30,2033.5,2065.10009765625,2021.800048828125,2054.5,2054.5,15700946
2020-11-02,2027.0,2027.0,1859.1500244140625,1877.449951171875,1877.449951171875,45857806
2020-11-03,1890.0,1909.0,1835.0999755859375,1850.4000244140625,1850.4000244140625,40931170
2020-11-04,1837.0,1929.0,1837.0,1913.199951171875,1913.199951171875,37003111
2020-11-05,1954.949951171875,1960.949951171875,1932.0,1955.0,1955.0,17170274
2020-11-06,1990.0,2040.0,1978.1500244140625,2029.1500244140625,2029.1500244140625,30770080
2020-11-09,2062.10009765625,2069.0,2036.0,2050.699951171875,2050.699951171875,16539467
2020-11-10,2077.0,2090.0,2041.199951171875,2084.550048828125,2084.550048828125,17045147
2020-11-11,2089.0,2095.0,1978.0999755859375,1997.199951171875,1997.199951171875,26178477
2020-11-12,1981.0,2008.449951171875,1965.0,1980.0,1980.0,18481466
2020-11-13,1982.0,2036.6500244140625,1981.75,1996.4000244140625,1996.4000244140625,20946864
2020-11-17,2085.0,2085.0,1985.0,1993.25,1993.25,21479385
2020-11-18,1993.25,2006.5,1960.0999755859375,1987.199951171875,1987.199951171875,14030652
2020-11-19,1987.199951171875,2010.449951171875,1968.199951171875,1973.1500244140625,1973.1500244140625,12828008
2020-11-20,1975.0,1983.800048828125,1895.0,1899.5,1899.5,26522972
2020-11-23,1951.0,1970.0,1926.25,1950.699951171875,1950.699951171875,20918665
2020-11-24,1964.0,1974.0,1932.0,1964.050048828125,1964.050048828125,14277083
2020-11-25,1980.0,1992.949951171875,1942.199951171875,1947.800048828125,1947.800048828125,15062376
2020-11-26,1953.050048828125,1965.0,1930.050048828125,1952.5999755859375,1952.5999755859375,11924527
2020-11-27,1940.5,1956.0999755859375,1921.4000244140625,1929.800048828125,1929.800048828125,21845931
2020-12-01,1940.3499755859375,1966.25,1930.050048828125,1954.9000244140625,1954.9000244140625,9114939
2020-12-02,1958.5,1962.0,1935.0,1958.1500244140625,1958.1500244140625,10240168
2020-12-03,1972.0,1981.0999755859375,1958.6500244140625,1964.050048828125,1964.050048828125,12822945
2020-12-04,1969.0,1969.0,1940.0,1946.75,1946.75,8521388
2020-12-07,1940.5999755859375,1965.0,1940.5999755859375,1958.199951171875,1958.199951171875,8418767
2020-12-08,1961.1500244140625,2014.25,1950.0,1993.75,1993.75,20030506
2020-12-09,2009.949951171875,2033.800048828125,1999.25,2026.949951171875,2026.949951171875,13464375
2020-12-10,2021.5999755859375,2028.5,2001.0,2007.0,2007.0,7414229
2020-12-11,2013.0,2038.0,1974.25,2005.800048828125,2005.800048828125,12434745
2020-12-14,2007.949951171875,2015.0,1986.3499755859375,1991.300048828125,1991.300048828125,7989830
2020-12-15,1989.699951171875,1989.699951171875,1961.0999755859375,1974.3499755859375,1974.3499755859375,8561406
2020-12-16,1988.0,1994.949951171875,1965.699951171875,1976.550048828125,1976.550048828125,8565904
2020-12-17,1984.5,2005.0,1977.1500244140625,1985.5999755859375,1985.5999755859375,9346460
2020-12-18,1980.0999755859375,2004.9000244140625,1965.0,1991.550048828125,1991.550048828125,8522215
2020-12-21,2010.0,2022.0,1855.25,1939.699951171875,1939.699951171875,20368545
2020-12-22,1949.0,1958.9000244140625,1888.449951171875,1936.699951171875,1936.699951171875,12986606
2020-12-23,1930.0,1951.449951171875,1920.6500244140625,1943.8499755859375,1943.8499755859375,8999898
2020-12-24,1947.0,1998.800048828125,1945.9000244140625,1994.1500244140625,1994.1500244140625,9588577
2020-12-28,2006.699951171875,2018.0,1995.300048828125,2003.300048828125,2003.300048828125,7947719
2020-12-29,2009.0,2012.300048828125,1982.550048828125,1990.050048828125,1990.050048828125,8589407
2020-12-30,1995.25,2007.199951171875,1975.550048828125,1995.5,1995.5,10173132
2020-12-31,1993.5,2011.9000244140625,1978.5999755859375,1985.300048828125,1985.300048828125,8667516
2021-01-01,1988.0,1997.0,1982.0,1987.5,1987.5,4622002
2021-01-04,1995.0999755859375,1998.9000244140625,1968.0,1990.8499755859375,1990.8499755859375,11312992
2021-01-05,1969.0,1983.5999755859375,1956.0,1966.0999755859375,1966.0999755859375,11132803
2021-01-06,1965.9000244140625,1966.0,1905.1500244140625,1914.25,1914.25,21414270
2021-01-07,1920.5,1945.0,1905.1500244140625,1911.1500244140625,1911.1500244140625,14918406
2021-01-08,1918.0,1938.4000244140625,1912.0999755859375,1933.699951171875,1933.699951171875,12709792
2021-01-11,1938.800048828125,1938.800048828125,1892.5,1897.25,1897.25,15371556
2021-01-12,1903.0,1960.0,1899.9000244140625,1957.050048828125,1957.050048828125,18996047
2021-01-13,1963.550048828125,1974.949951171875,1918.449951171875,1938.800048828125,1938.800048828125,12284876
2021-01-14,1945.0,1966.9000244140625,1939.050048828125,1960.5999755859375,1960.5999755859375,9946818
2021-01-15,1960.5999755859375,1973.800048828125,1920.050048828125,1937.449951171875,1937.449951171875,9503790
2021-01-18,1949.0999755859375,1997.0,1923.3499755859375,1983.949951171875,1983.949951171875,16198856
2021-01-19,1994.6500244140625,2031.0,1994.6500244140625,2016.4000244140625,2016.4000244140625,14771048
2021-01-20,2021.4000244140625,2058.0,2001.4000244140625,2054.699951171875,2054.699951171875,14271669
2021-01-21,2082.0,2120.0,2075.0,2099.39990234375,2099.39990234375,18038987
2021-01-22,2111.0,2115.35009765625,2035.1500244140625,2049.60009765625,2049.60009765625,14090818
2021-01-25,2034.949951171875,2034.949951171875,1932.0,1941.0,1941.0,25009317
